https://olymarkes.livejournal.com/10098.html	Малдавашки!!
https://olymarkes.livejournal.com/10253.html	измена!
https://olymarkes.livejournal.com/10507.html	по дороге с облаками...
https://olymarkes.livejournal.com/11014.html	(no title)
https://olymarkes.livejournal.com/11422.html	апельсинки
https://olymarkes.livejournal.com/11646.html	(no title)
https://olymarkes.livejournal.com/1167.html	(no title)
https://olymarkes.livejournal.com/11791.html	(no title)
https://olymarkes.livejournal.com/12074.html	Alai Oli - Крылья.
https://olymarkes.livejournal.com/1310.html	Тур закончен.
https://olymarkes.livejournal.com/13558.html	пу-ма-а-лим-пийка та-та-та-та-та-тапки Vans
https://olymarkes.livejournal.com/13665.html	Мало кто знает, что...
https://olymarkes.livejournal.com/13884.html	телеканал Эй-Ван!?
https://olymarkes.livejournal.com/14243.html	Куча куча куча куча всего со мной произошла(о?) )))
https://olymarkes.livejournal.com/14443.html	Ману мы летим к тебеееее!!!!
https://olymarkes.livejournal.com/14845.html	Екб-Москва + концерт с Ману - крыша едет, гуси улетают!
https://olymarkes.livejournal.com/17065.html	Лилька поймала момент истины )))
https://olymarkes.livejournal.com/17172.html	сегодня
https://olymarkes.livejournal.com/17639.html	Даун Хаус
https://olymarkes.livejournal.com/17687.html	(no title)
https://olymarkes.livejournal.com/18011.html	от Ветеранов до Стачек дворами, туда где дым Винстона и буквы из пачек
https://olymarkes.livejournal.com/18358.html	kitayskaya medetsyna
https://olymarkes.livejournal.com/18517.html	Пост имени Александра "Шапо" Федотовских
https://olymarkes.livejournal.com/18861.html	день рождения и звееееери
https://olymarkes.livejournal.com/19173.html	ура ура ура!
https://olymarkes.livejournal.com/19301.html	секрет этой кухни
https://olymarkes.livejournal.com/19523.html	(no title)
https://olymarkes.livejournal.com/19808.html	(no title)
https://olymarkes.livejournal.com/19971.html	мальчег с трубой
https://olymarkes.livejournal.com/20345.html	роуд трип
https://olymarkes.livejournal.com/20615.html	Каникулы в коме
https://olymarkes.livejournal.com/20939.html	(no title)
https://olymarkes.livejournal.com/21138.html	pre party
https://olymarkes.livejournal.com/21410.html	(no title)
https://olymarkes.livejournal.com/21505.html	о концерте в Уфе
https://olymarkes.livejournal.com/21927.html	все жизни
https://olymarkes.livejournal.com/22146.html	ижевск
https://olymarkes.livejournal.com/22314.html	after party
https://olymarkes.livejournal.com/22579.html	?
https://olymarkes.livejournal.com/22923.html	Зацените кино - Паха Дунаев в главной роли ))
https://olymarkes.livejournal.com/23175.html	две музыкантские поговорки
https://olymarkes.livejournal.com/23313.html	о культуре
https://olymarkes.livejournal.com/23689.html	1 место!
https://olymarkes.livejournal.com/23836.html	С днем рождения!!!
https://olymarkes.livejournal.com/24097.html	Надо запомнить:
https://olymarkes.livejournal.com/24561.html	крик души!!!!!
https://olymarkes.livejournal.com/25845.html	для моих друзей и хороших знакомых из Москвы.
https://olymarkes.livejournal.com/26032.html	ищу правую руку
https://olymarkes.livejournal.com/26120.html	(no title)
https://olymarkes.livejournal.com/26506.html	(no title)
https://olymarkes.livejournal.com/26916.html	Санчес прав - дурдом повсюду :)
https://olymarkes.livejournal.com/27279.html	Эй, москвичи!
https://olymarkes.livejournal.com/27517.html	(no title)
https://olymarkes.livejournal.com/27732.html	вопрос месяца
https://olymarkes.livejournal.com/27912.html	ну ладно
https://olymarkes.livejournal.com/28160.html	(no title)
https://olymarkes.livejournal.com/28608.html	та-та-тарадара-там-там-там-там-там (цирковая музычка)
https://olymarkes.livejournal.com/28795.html	завтра опять в Москву....
https://olymarkes.livejournal.com/29865.html	кьюрент ивэнтс
https://olymarkes.livejournal.com/31137.html	...
https://olymarkes.livejournal.com/31462.html	новостикороткойстрокой
https://olymarkes.livejournal.com/31581.html	маленькике козлючки
https://olymarkes.livejournal.com/3195.html	О сексе в клубных туалетах и рукоприкладстве.
https://olymarkes.livejournal.com/33929.html	пара видях
https://olymarkes.livejournal.com/34136.html	пост про дружбу и кеды
https://olymarkes.livejournal.com/34569.html	***
https://olymarkes.livejournal.com/34907.html	все круто, не смотря на
https://olymarkes.livejournal.com/35380.html	этот пост я не буду удалять не буду не буду
https://olymarkes.livejournal.com/35746.html	все указывает на то, что пора сваливать из этого сумашедшего дома!!!
https://olymarkes.livejournal.com/35948.html	санитары-ы
https://olymarkes.livejournal.com/3613.html	О кармическом долге, собачьей жизни и экстримальном спорте.
https://olymarkes.livejournal.com/36262.html	Всё началось с диплома.
https://olymarkes.livejournal.com/36581.html	...и закончилось трэшем
https://olymarkes.livejournal.com/36816.html	(no title)
https://olymarkes.livejournal.com/37078.html	(no title)
https://olymarkes.livejournal.com/37297.html	(no title)
https://olymarkes.livejournal.com/3934.html	Выдох.
https://olymarkes.livejournal.com/39532.html	(no title)
https://olymarkes.livejournal.com/39691.html	у меня проблемы с придумыванием заголовков
https://olymarkes.livejournal.com/40091.html	хорошее интервью с бесячей тёлкой
https://olymarkes.livejournal.com/40326.html	10 отжиманий.
https://olymarkes.livejournal.com/40698.html	привет, папа!
https://olymarkes.livejournal.com/40798.html	Моховая стрит.
https://olymarkes.livejournal.com/41338.html	(no title)
https://olymarkes.livejournal.com/41718.html	(no title)
https://olymarkes.livejournal.com/42118.html	(no title)
https://olymarkes.livejournal.com/42368.html	смс
https://olymarkes.livejournal.com/42525.html	fetish
https://olymarkes.livejournal.com/42810.html	тур старт ап
https://olymarkes.livejournal.com/45846.html	город подвал клуб самара
https://olymarkes.livejournal.com/46547.html	this is the eeeeend..... la la la
https://olymarkes.livejournal.com/46766.html	...е
https://olymarkes.livejournal.com/47309.html	indian spice trip
https://olymarkes.livejournal.com/47387.html	(no title)
https://olymarkes.livejournal.com/48796.html	я устала п*здец.
https://olymarkes.livejournal.com/49097.html	(no title)
https://olymarkes.livejournal.com/49332.html	"убьюсь-ка я об стену облитую ядом!" -
https://olymarkes.livejournal.com/49640.html	(no title)
https://olymarkes.livejournal.com/49803.html	да приезжай, чо
https://olymarkes.livejournal.com/49929.html	(no title)
https://olymarkes.livejournal.com/50317.html	(no title)
https://olymarkes.livejournal.com/50507.html	(no title)
https://olymarkes.livejournal.com/50694.html	Need Help!
https://olymarkes.livejournal.com/51089.html	неправильная йога
https://olymarkes.livejournal.com/52200.html	на зеркальном столе еле слышно спорят три кассеты Pulp, Oasis и Blur )
https://olymarkes.livejournal.com/52416.html	мультимедиа пост про трудовые будни Alai Oli
https://olymarkes.livejournal.com/52591.html	легенды невского проспекта
https://olymarkes.livejournal.com/52814.html	чуть меньше одного моего дня
https://olymarkes.livejournal.com/53090.html	(no title)
https://olymarkes.livejournal.com/53283.html	00.00
https://olymarkes.livejournal.com/53588.html	(no title)
https://olymarkes.livejournal.com/53819.html	кроме любви твоей нет у меня моря
https://olymarkes.livejournal.com/54177.html	давайте делится - вкусы они вообще разные или всем нравится одно и то же?
https://olymarkes.livejournal.com/54273.html	(no title)
https://olymarkes.livejournal.com/54598.html	spb lifestyle
https://olymarkes.livejournal.com/54798.html	(no title)
https://olymarkes.livejournal.com/55202.html	(no title)
https://olymarkes.livejournal.com/56979.html	Пустые Холмы это мммммм!
https://olymarkes.livejournal.com/57169.html	бля, мужики, выскажитесь!
https://olymarkes.livejournal.com/57572.html	как я здесь оказалась?
https://olymarkes.livejournal.com/57766.html	я ЗЛА ЗЛА ЗЛА
https://olymarkes.livejournal.com/57908.html	Воруй! Убивай!
https://olymarkes.livejournal.com/583.html	(no title)
https://olymarkes.livejournal.com/58337.html	эээ
https://olymarkes.livejournal.com/58419.html	thx god i'm pretty
https://olymarkes.livejournal.com/59108.html	5...4...3...
https://olymarkes.livejournal.com/59278.html	под эту песню мы танцевали в супермаркете
https://olymarkes.livejournal.com/59646.html	happy birthday, Бро!
https://olymarkes.livejournal.com/61228.html	никуда не денется ЭТО.
https://olymarkes.livejournal.com/61598.html	ночные дела
https://olymarkes.livejournal.com/61871.html	разве есть...
https://olymarkes.livejournal.com/61987.html	2 сентября/ Москва / Клуб Б2
https://olymarkes.livejournal.com/62717.html	Снег, Пепел.
https://olymarkes.livejournal.com/62764.html	если кто-то скучает по моей графомании...
https://olymarkes.livejournal.com/62987.html	im lovin it
https://olymarkes.livejournal.com/63440.html	(no title)
https://olymarkes.livejournal.com/64363.html	Олди.
https://olymarkes.livejournal.com/64702.html	nesvyaznoe
https://olymarkes.livejournal.com/65109.html	DISclimer
https://olymarkes.livejournal.com/65336.html	...no comments
https://olymarkes.livejournal.com/65623.html	... там была репетиция, а это - само оно )
https://olymarkes.livejournal.com/65843.html	Хочешь похудеть - спроси меня "Как?"
https://olymarkes.livejournal.com/6616.html	трудовые будни Alai Oli
https://olymarkes.livejournal.com/66362.html	секта переезжает )
https://olymarkes.livejournal.com/66615.html	кажется, это я
https://olymarkes.livejournal.com/6828.html	***
https://olymarkes.livejournal.com/68588.html	самый тру момент
https://olymarkes.livejournal.com/69036.html	Видеообращение к Татьяне Захаровой.
https://olymarkes.livejournal.com/6955.html	Весёлые приключения провинциалки Оли Маркес в Граде Столичном.
https://olymarkes.livejournal.com/69824.html	(no title)
https://olymarkes.livejournal.com/69965.html	Евротреш!!
https://olymarkes.livejournal.com/70206.html	9 минут.
https://olymarkes.livejournal.com/70650.html	ЕВРОТРЕШ!!
https://olymarkes.livejournal.com/71555.html	fucking uncenzored
https://olymarkes.livejournal.com/71763.html	SattaMasssssssssssagana. 1. Журавлики
https://olymarkes.livejournal.com/71950.html	2. Хочу Остаться
https://olymarkes.livejournal.com/7237.html	Почему я не люблю наркоманов и алкоголиков
https://olymarkes.livejournal.com/72404.html	SATTAMASSAGANA ch3 - Мексика.
https://olymarkes.livejournal.com/72494.html	SATTAMASSAGANA ch4 - Фрида
https://olymarkes.livejournal.com/72968.html	о музле
https://olymarkes.livejournal.com/73334.html	Клип на песню с нового альбома )
https://olymarkes.livejournal.com/74237.html	Йога. Индия. Мы
https://olymarkes.livejournal.com/74453.html	Оля, пиши.
https://olymarkes.livejournal.com/7515.html	Вместо поста.
https://olymarkes.livejournal.com/75154.html	Беги, Форест :)
https://olymarkes.livejournal.com/75415.html	Долбаный Космос ))
https://olymarkes.livejournal.com/75702.html	Muzikalnaya Gonzo Recenzya
https://olymarkes.livejournal.com/76137.html	Z?
https://olymarkes.livejournal.com/76515.html	Лучшее интервью со мной - от Кати Зыковой. Про йогу и Главное.
https://olymarkes.livejournal.com/76690.html	#ПоможемНикеСпастиЖизнь
https://olymarkes.livejournal.com/76873.html	Поехали со мной в Индию?
https://olymarkes.livejournal.com/77244.html	фак энд панч
https://olymarkes.livejournal.com/77326.html	(no title)
https://olymarkes.livejournal.com/77798.html	Transsiberian back2black
https://olymarkes.livejournal.com/778.html	искренность
https://olymarkes.livejournal.com/77824.html	Про то, чем я сейчас занимаюсь.
https://olymarkes.livejournal.com/78249.html	Беременность и #sekta !
https://olymarkes.livejournal.com/78689.html	Вот она, книга моего любимого писателя.
https://olymarkes.livejournal.com/78998.html	Оо.
https://olymarkes.livejournal.com/79398.html	"пиу пиу пиу"
https://olymarkes.livejournal.com/79768.html	про а/ массаж
https://olymarkes.livejournal.com/80114.html	записки графоманские
https://olymarkes.livejournal.com/80220.html	Шоутайм
https://olymarkes.livejournal.com/8142.html	(no title)
https://olymarkes.livejournal.com/81557.html	текст, который заканчивается словом "мудак"
https://olymarkes.livejournal.com/81864.html	изнанка
https://olymarkes.livejournal.com/8211.html	я люблю мою банду
https://olymarkes.livejournal.com/82298.html	про разных рэп-исполнителей (текст, который можно не читать)
https://olymarkes.livejournal.com/82590.html	но..
https://olymarkes.livejournal.com/82835.html	hard diving
https://olymarkes.livejournal.com/82960.html	как я провел лето 2017
https://olymarkes.livejournal.com/83593.html	не про тебя, надеюсь
https://olymarkes.livejournal.com/83894.html	#0101
https://olymarkes.livejournal.com/84046.html	komu na rusi jyt' horosho
https://olymarkes.livejournal.com/84299.html	system loves you
https://olymarkes.livejournal.com/84723.html	почему надо выходить замуж за бандитов а не за свою космическую любовь (или письмо лизе сидориной)
https://olymarkes.livejournal.com/84792.html	oshhh
https://olymarkes.livejournal.com/85298.html	осторожно, текст
https://olymarkes.livejournal.com/85942.html	null bly
https://olymarkes.livejournal.com/87039.html	хле
https://olymarkes.livejournal.com/87047.html	nichego
https://olymarkes.livejournal.com/87992.html	Scar Tissue автореферат
https://olymarkes.livejournal.com/88072.html	mentira
https://olymarkes.livejournal.com/88418.html	Грибы желаний
https://olymarkes.livejournal.com/9116.html	Три из десяти Дзен
https://olymarkes.livejournal.com/9360.html	(no title)
https://olymarkes.livejournal.com/29131.html	iz Pitera v Msk
https://olymarkes.livejournal.com/4224.html	По остывающим следам БГВ
https://olymarkes.livejournal.com/4566.html	По остывающим следам БГВ-2
https://olymarkes.livejournal.com/9489.html	Обо всём на свете!
https://olymarkes.livejournal.com/14962.html	А у нас в квартире глаз. А у вас?!
https://olymarkes.livejournal.com/30007.html	последний четверг в этом городе
https://olymarkes.livejournal.com/15145.html	Доброе утро, страна!
https://olymarkes.livejournal.com/29369.html	придурки ))))
https://olymarkes.livejournal.com/24689.html	Петербургский флоу
https://olymarkes.livejournal.com/15565.html	....
https://olymarkes.livejournal.com/1694.html	(no title)
https://olymarkes.livejournal.com/15758.html	жена и дети Бро + тату на полуппопицах + нас русских в кажой стране дох%я
https://olymarkes.livejournal.com/15957.html	сумаcшедший дом
https://olymarkes.livejournal.com/1904.html	О домашних вечеринках, интернациональной дружбе и плохих девочках
https://olymarkes.livejournal.com/12586.html	Дерзкие дни
https://olymarkes.livejournal.com/16371.html	(no title)
https://olymarkes.livejournal.com/25012.html	доброе утро типа
https://olymarkes.livejournal.com/4686.html	О завершении творческого кризиса и о совместных проектах.
https://olymarkes.livejournal.com/8504.html	У Ноганно депрессия
https://olymarkes.livejournal.com/4890.html	Две сказки.
https://olymarkes.livejournal.com/30335.html	е-е-е-е-е-е остановка номер 1
https://olymarkes.livejournal.com/2204.html	О мэйнстриме
https://olymarkes.livejournal.com/8813.html	.. Жизнь поставила в адхо мукха шванасану )))))
https://olymarkes.livejournal.com/12939.html	Москва. Радио. Новости. Высококачественные гадости.
https://olymarkes.livejournal.com/25408.html	(no title)
https://olymarkes.livejournal.com/29481.html	йоу
https://olymarkes.livejournal.com/2466.html	Специальный короткий пост!
https://olymarkes.livejournal.com/13056.html	горный инженее-еее-ееер!
https://olymarkes.livejournal.com/5475.html	Знаешь, где "Фу" ?
https://olymarkes.livejournal.com/30545.html	(no title)
https://olymarkes.livejournal.com/2700.html	просто мексиканский сериал какой-та )
https://olymarkes.livejournal.com/30835.html	пока, Казань! Привет, Самара!
https://olymarkes.livejournal.com/7741.html	shit
https://olymarkes.livejournal.com/5727.html	...уже не шуточки.
https://olymarkes.livejournal.com/6059.html	уууууууу Хэппиэнд
https://olymarkes.livejournal.com/9904.html	путешествия - концерты - новый дом
https://olymarkes.livejournal.com/16458.html	.!;.!(;,№,!(&lt;,(;&lt;,№)
https://olymarkes.livejournal.com/6252.html	рэп за жизнь
https://olymarkes.livejournal.com/16719.html	(no title)
https://olymarkes.livejournal.com/2834.html	Дорогая редакция, пишет вам ваш преданный читатель, пенсионер Владислав Аристархович. Я тут подумал:
https://olymarkes.livejournal.com/32235.html	странный пост
https://olymarkes.livejournal.com/37539.html	стихи лучшему другу )
https://olymarkes.livejournal.com/38121.html	Во имя меня и науки, не проходите мимо...
https://olymarkes.livejournal.com/47636.html	Она говорила: любимый, ну где ты еще найдешь такую дуру?
https://olymarkes.livejournal.com/43152.html	грибы с глазами
https://olymarkes.livejournal.com/55337.html	вообще я сама не могу поверить что я зануда - на всех видео я ржу как конь )))
https://olymarkes.livejournal.com/63741.html	марла
https://olymarkes.livejournal.com/58642.html	йога среди развалин йога вместо войны
https://olymarkes.livejournal.com/47934.html	(no title)
https://olymarkes.livejournal.com/55757.html	налетайте, стервятники :)
https://olymarkes.livejournal.com/51348.html	эээ
https://olymarkes.livejournal.com/43498.html	превед Белгород
https://olymarkes.livejournal.com/43683.html	б.
https://olymarkes.livejournal.com/59869.html	светлые. темные.
https://olymarkes.livejournal.com/32323.html	(no title)
https://olymarkes.livejournal.com/38366.html	(no title)
https://olymarkes.livejournal.com/43788.html	мотофристайл (этот текст не представляет никакой ценности)
https://olymarkes.livejournal.com/44077.html	трэвис пастрана и Animal
https://olymarkes.livejournal.com/51551.html	(no title)
https://olymarkes.livejournal.com/32590.html	из подмосковья в подмосковье
https://olymarkes.livejournal.com/60065.html	(no title)
https://olymarkes.livejournal.com/48378.html	(no title)
https://olymarkes.livejournal.com/44521.html	вони балакают вона працюэ
https://olymarkes.livejournal.com/55835.html	(no title)
https://olymarkes.livejournal.com/38587.html	м.
https://olymarkes.livejournal.com/44672.html	(no title)
https://olymarkes.livejournal.com/63764.html	Сегодня концерт в Екатеринбурге.
https://olymarkes.livejournal.com/44948.html	пращай, МэнсХэлс! Тебе я бiльше не кохаю!
https://olymarkes.livejournal.com/32917.html	накануне Рождества
https://olymarkes.livejournal.com/38797.html	(no title)
https://olymarkes.livejournal.com/48608.html	хорошим друзьям предлагаецо обнаглеть ))
https://olymarkes.livejournal.com/64137.html	tupaya ya pizda
https://olymarkes.livejournal.com/56169.html	дома на ботанике
https://olymarkes.livejournal.com/45063.html	детская мечта
https://olymarkes.livejournal.com/64913.html	с наступающим ))) подарок от ТТП и всей питерской трэш-банды.
https://olymarkes.livejournal.com/38932.html	(no title)
https://olymarkes.livejournal.com/51927.html	(no title)
https://olymarkes.livejournal.com/33279.html	колеса
https://olymarkes.livejournal.com/60405.html	Интервью для FUZZ TV
https://olymarkes.livejournal.com/62267.html	Мы туримся.
https://olymarkes.livejournal.com/33282.html	brain fucking flow 8 9 10
https://olymarkes.livejournal.com/45379.html	обо всем обо всех
https://olymarkes.livejournal.com/56355.html	(no title)
https://olymarkes.livejournal.com/39393.html	(no title)
https://olymarkes.livejournal.com/60511.html	(no title)
https://olymarkes.livejournal.com/56749.html	Ааааа
https://olymarkes.livejournal.com/60911.html	Я ищу работу. Хочу писать для журналов/порталов.
https://olymarkes.livejournal.com/33764.html	тутуту
https://olymarkes.livejournal.com/61070.html	- да что там у тебя, черт возьми, происходит?
https://olymarkes.livejournal.com/45716.html	городу ли
https://olymarkes.livejournal.com/68200.html	в дождь
https://olymarkes.livejournal.com/69150.html	(no title)
https://olymarkes.livejournal.com/73705.html	(no title)
https://olymarkes.livejournal.com/69427.html	(no title)
https://olymarkes.livejournal.com/70771.html	пц
https://olymarkes.livejournal.com/72834.html	Мучительные роды продолжаются.
https://olymarkes.livejournal.com/67642.html	я уверен, что я жив - остального я не знаю
https://olymarkes.livejournal.com/67927.html	ракета к Югу!
https://olymarkes.livejournal.com/70925.html	кт
https://olymarkes.livejournal.com/71404.html	- переверните Паттабхи Джойса на спину!!
https://olymarkes.livejournal.com/74586.html	EP "Главное". 7 марта Спб (Космонавт) 8 марта Мск (P!pl)
https://olymarkes.livejournal.com/75919.html	Julliet
https://olymarkes.livejournal.com/74954.html	Скачайте наш новый сингл ;)
https://olymarkes.livejournal.com/73752.html	Дома быть заебись!!!
https://olymarkes.livejournal.com/78394.html	невыносимая жесткость бытия
https://olymarkes.livejournal.com/79139.html	если вдруг тебе интересно, как у меня дела
https://olymarkes.livejournal.com/81962.html	0000
https://olymarkes.livejournal.com/85234.html	...
https://olymarkes.livejournal.com/80510.html	limb
https://olymarkes.livejournal.com/83292.html	Из 4 шага, про секс.
https://olymarkes.livejournal.com/80660.html	(no title)
https://olymarkes.livejournal.com/80984.html	Это - текст номер 3, который должен идти после второго, но идет перед.
https://olymarkes.livejournal.com/81280.html	Текст, который адресован никому, и ни на что не нацелен, и берет начало ниоткуда.
https://olymarkes.livejournal.com/86024.html	null/признай перед Богом, собой и другим человеком, что ты говно/
https://olymarkes.livejournal.com/86505.html	null/ от SO BAD до Хаул in Dispair
https://olymarkes.livejournal.com/85562.html	follow throught
https://olymarkes.livejournal.com/86613.html	null/ this is the eeeend
https://olymarkes.livejournal.com/87339.html	ни снаружи, ни с изнанки
https://olymarkes.livejournal.com/87640.html	uspeshnaya suka
https://olymarkes.livejournal.com/88699.html	для тех кто скучает по текстам
