filename	date	time	dt_iso	preview
2019-06-24__4__захотелось_что-то_делать_делай_думать_будешь_потом.md	2019-06-24	20:32	2019-06-24T20:32:45+08:00	Захотелось что-то делать - делай, думать будешь потом. А то начинают такие: «ой, у меня не получится, ой да никому это не нужно». Пофигу. Берёшь и просто дел…
2019-06-24__5__когда_думаешь_концерт_одной_колонкой_делать_может.md	2019-06-24	23:00	2019-06-24T23:00:14+08:00	Когда думаешь: а что концерт с одной колонкой делать, может ебануть с генератором, барабанами, клавишами и басом и с трубой, почему нет, а может ещё техника …
2019-06-25__7__бхима_сегодня_приходил_пример_человека_который_все.md	2019-06-25	02:57	2019-06-25T02:57:51+08:00	Ко мне тут Бхима сегодня приходил, пример человека который все передрачивает, кстати. Мало кто знает, что он записал альбом и так его и не выпустил.  Я вообщ…
2019-06-25__8__человеком_который_не_умеет_отпускать_свое_творчество.md	2019-06-25	02:57	2019-06-25T02:57:53+08:00	Но с человеком который не умеет отпускать свое творчество очень сложно работать, поэтому с Бхимой мы всегда сремся на каком-то этапе. Но потом всегда миримся…
2019-06-25__9__проснулись_сегодня_7_утра_считайте_выспались_проводили.md	2019-06-25	16:07	2019-06-25T16:07:45+08:00	Проснулись мы сегодня в 7 утра (считайте, выспались). Проводили детей на самолёт в глухую сибирскую деревню - две недели без старших, а это значит практическ…
2019-06-27__11__много_мыслей_после_этого_концерта_что-то_такое.md	2019-06-27	05:49	2019-06-27T05:49:47+08:00	Много мыслей у меня после этого концерта. Что-то такое, после чего по идее надо возвращаться в съемную однушку с ржавой ванной, умывать лицо водой, сидя в не…
2019-06-27__12__женя_говорит_тебя_ревную_приезжаешь_питер_этот.md	2019-06-27	22:17	2019-06-27T22:17:40+08:00	Женя говорит: «я тебя ревную, приезжаешь в Питер и в этот раз вся в группе. Понятно там, репетиции к концертам летним, но все-таки и в офис хочется тебя»  У …
2019-07-01__13__старое_забытое_чувство_урод_приходит_не_дополнительных.md	2019-07-01	04:42	2019-07-01T04:42:26+08:00	Старое забытое чувство «я урод» приходит не от дополнительных кг, и не от «нечего надеть» и не от дредов, которые так лень куда-то укладывать, а от самого эт…
2019-07-02__14__реально_обещания_работают_села_написала_сейчас_пишу.md	2019-07-02	05:24	2019-07-02T05:24:05+08:00	Вот реально, обещания работают. Села, написала. Сейчас я пишу восьмёрку - звучит она так:  «Мы составили список всех тех людей, которым мы причинили зло, и п…
2019-07-03__15__интересная_штука_этот_ущерб_не_совсем_кажется.md	2019-07-03	06:09	2019-07-03T06:09:27+08:00	Интересная штука этот ущерб. Не совсем то, что кажется большинству. Вот человек что-то сделал, а ты ему сказал: «Блин, круто!» а на самом деле подумал «Хуйня…
2019-07-04__16__сегодня_почему-то_бомбануло_начала_доказывать_незнакомым_людям.md	2019-07-04	04:32	2019-07-04T04:32:58+08:00	Сегодня у меня почему-то бомбануло, и я начала доказывать незнакомым людям, что я не проститутка. И вот это реально провал, потому что каждый раз, когда мне …
2019-07-07__17__поездка_нас_была_классной_особенно_вчера_ночью.md	2019-07-07	03:23	2019-07-07T03:23:22+08:00	Поездка у нас была классной. Особенно вчера ночью. Мы встретили Женю и Влада на автостанции Валдай, они сели в машину и мне пришла в голову идея: надо, чтобы…
2019-07-09__18__когда_турили_была_игра_или_город_или.md	2019-07-09	04:44	2019-07-09T04:44:14+08:00	Еще когда мы турили, у меня была игра: или я город, или он меня. Если я приезжаю и плыву по волнам, жру как все, чилю как все - значит он меня. Если собираю …
2019-07-11__19__поехали_дальше_такой_феномен_можешь_хоть_каждую.md	2019-07-11	04:25	2019-07-11T04:25:30+08:00	Поехали дальше. Вот есть такой феномен - ты можешь хоть в каждую щель пролезть, хоть урекламироваться - люди будут просто проходить мимо, все будет даваться …
2019-07-12__20__тоня_арно_какой-то_совершенно_киношный_персонаж_кажется.md	2019-07-12	04:14	2019-07-12T04:14:32+08:00	Тоня Арно для меня какой-то совершенно киношный персонаж. Мне кажется что из кирпичного зала NYM на Плотниковом переулке я выхожу в Москву, а она - в такой в…
2019-07-27__21__самое_сложное_этой_игре_освоить_тело_научиться.md	2019-07-27	04:42	2019-07-27T04:42:08+08:00	Что самое сложное в этой игре? Освоить тело, научиться незнакомому языку за пару лет, перестать ходить под себя, осознать вещи вокруг, их назначения и опасно…
2019-08-06__22__больше_всего_бесит_политической_повестке_той_другой.md	2019-08-06	19:36	2019-08-06T19:36:23+08:00	Что меня больше всего бесит в политической повестке - и с той и с другой стороны - так это уровень неадеквата и там и там.  И если ты выбираешь одну из сторо…
2019-08-08__23__нравится_наблюдать_людьми_которых_жизнь_не_например.md	2019-08-08	18:07	2019-08-08T18:07:53+08:00	Мне нравится наблюдать за людьми, у которых жизнь не как у меня. Например, так же я смотрю на сторьки Вари Веденеевой, молодой свободной девушки мегаполиса, …
2019-08-17__24__антиглянце_написали_2014_год_форбс_оборот_компании.md	2019-08-17	00:25	2019-08-17T00:25:41+08:00	В Антиглянце тут написали про 2014 год и Форбс, и про оборот компании как повод гордиться… Что я чувствовала в 2014? Мне было страшно, что скоро все закончит…
2019-08-17__25__боль_этого_конечно_огромная_входящие_запросы_перспективные.md	2019-08-17	00:25	2019-08-17T00:25:41+08:00	И вот боль от этого конечно огромная: у меня есть входящие запросы, перспективные партнерки, куча всяких крутых предложений - я даже не говорю про идеи в мое…
2019-09-09__26__позвали_ребята_группы_грот_спеть_маяк_квартирнике.md	2019-09-09	04:37	2019-09-09T04:37:27+08:00	Позвали меня тут ребята из группы ГРОТ спеть Маяк на квартирнике у Маргулиса, передача такая на НТВ есть. Ну я и согласилась. А ещё недавно я сделала себе оп…
2019-09-10__28__состояние_перед_защитой_всё_плохо_когда-нибудь_расскажу.md	2019-09-10	04:35	2019-09-10T04:35:29+08:00	Состояние перед защитой. Всё очень плохо. Когда-нибудь я расскажу вам историю о том, какой это НА САМОМ ДЕЛЕ БЫЛ ПИЗДЕЦ. Но не сегодня. Сегодня я помолюсь и …
2019-09-11__29__узнала_многие_люди_думают_словами_думаю_словами.md	2019-09-11	05:31	2019-09-11T05:31:58+08:00	Я узнала, что многие люди думают словами. Я думаю словами только тогда, когда я создаю текст. Может быть, поэтому я люблю создавать текст?  Сегодня мне снило…
2019-09-17__31__живу_сбывшейся_мечте_пацаны.md	2019-09-17	02:37	2019-09-17T02:37:10+08:00	Живу в сбывшейся мечте, пацаны.
2019-10-16__32__перестать_охуевать_начать_вести_телеграм-канал.md	2019-10-16	15:43	2019-10-16T15:43:23+08:00	Как перестать охуевать и начать вести телеграм-канал.
2019-11-08__33__чужбине_плохо_под_грибами_вижу_себя_сверху.md	2019-11-08	06:14	2019-11-08T06:14:25+08:00	На чужбине мне плохо, как под грибами. Я вижу себя сверху, со стороны, и мне не нравится. Мне жутко не нравлюсь я. В детстве это все было про внешность, но п…
2019-11-08__34__фишка_грибов_моем_случае_была_том_не.md	2019-11-08	06:14	2019-11-08T06:14:25+08:00	Фишка грибов в моем случае была в том, что меня не отпускало. Я осознавала грустную реальность и шла с ней жить. Так же и otherside sadeness остается со мной…
2019-11-13__35__покидаю_петербург_секунду_когда_закрываю_дверь_собой.md	2019-11-13	05:51	2019-11-13T05:51:07+08:00	Я покидаю Петербург. И на секунду, когда я закрываю дверь за собой в темном коридоре я вижу очертания бетонной коробки той квартиры, которую я однажды увидел…
2019-11-13__36__боялась_сдвинуть_что-то_этой_квартире_будто_меняя.md	2019-11-13	05:51	2019-11-13T05:51:07+08:00	Я боялась сдвинуть что-то в этой квартире, как будто меняя вещи местами, я изменю что-то в себе или в своем прошлом. Мне казалось, что она - как картина Дори…
2019-11-17__37__чет_тогда_радовалась_успеху_ep_хи_сборам.md	2019-11-17	16:59	2019-11-17T16:59:10+08:00	Чет я тогда радовалась, то ли успеху EP’хи, то ли сборам на концертах - даже не количеству людей, а геометрической прогрессии. Тарас тогда сделал такое лицо,…
2019-11-17__38__все_ни_было_этой_гонке_конец_всегда.md	2019-11-17	16:59	2019-11-17T16:59:18+08:00	И как бы все ни было в этой гонке, конец всегда один. Мы состаримся друг у друга на глазах. Вся былая актуальность останется только в нашей памяти. Мир захва…
2019-12-01__39__екатеринбурге_мной_хотела_встретится_девушка_не_помню.md	2019-12-01	02:40	2019-12-01T02:40:50+08:00	В Екатеринбурге со мной хотела встретится девушка - я уже не помню, откуда мы знакомы, но такое ощущение, что очень давно. В какой-то момент она стала астрол…
2019-12-01__40__страх_потери_может_отравить_все_чувство_когда.md	2019-12-01	02:40	2019-12-01T02:40:50+08:00	Страх потери может отравить все. Он = чувство, когда у тебя уже нет, когда тебе не хватает.  Даже имея все ты можешь быть нищим, боясь потерять это.  Соединя…
2019-12-01__41__бабуля_обнимая_такая_пухленькая_становишься.md	2019-12-01	17:41	2019-12-01T17:41:40+08:00	Бабуля, обнимая меня: ТАКАЯ ТЫ ПУХЛЕНЬКАЯ СТАНОВИШЬСЯ  я: 😱😱😱
2019-12-01__42__внутри_себя_все_самый_несчастный_ребёнок_которого.md	2019-12-01	17:50	2019-12-01T17:50:31+08:00	Внутри себя я все ещё самый несчастный ребёнок, которого все шеймят за дырку на колготках. И надо дорасти до 30 лет и родить своих троих, чтобы понять, что в…
2019-12-03__43__нас_анонимных_наркоманах_система_наставничества_наставник_нас.md	2019-12-03	04:27	2019-12-03T04:27:24+08:00	У нас в анонимных наркоманах есть система наставничества. Наставник у нас называется «спонсор», ну и соответственно есть «подспонсорные». Нет одного стиля ве…
2019-12-03__44__пришлось_взять_чувство_понести_его_дальше_прощая.md	2019-12-03	04:27	2019-12-03T04:27:24+08:00	Мне пришлось взять это чувство и понести его дальше, прощая взрослых, потому что это не их вина. Прощая не словом, формально, а всем существом. Исцеляя это п…
2019-12-06__49__бывший_муж_работает_успешном_тех_концертном_агентстве.md	2019-12-06	18:51	2019-12-06T18:51:01+08:00	Мой бывший муж работает в успешном тех.концертном агентстве, они делают сцену и свет для всяких молодых и собирающих рэперов, ну и не обязательно рэперов - в…
2019-12-06__50__поэтому_важно_даже_не_относитесь_слабым_самом.md	2019-12-06	18:51	2019-12-06T18:51:02+08:00	Поэтому важно даже не то, как вы относитесь к слабым, а то, что вы на самом деле чувствуете. Так ребенок - это вообще не про искусство - это не слабое сущест…
2020-01-06__51__биполярочка_приподняла_пацаны_надо_нахерачить_всего_пока.md	2020-01-06	04:46	2020-01-06T04:46:04+08:00	Биполярочка приподняла, пацаны. Надо нахерачить всего, пока не отпустило)
2020-01-25__52__послушала_под_бег_серию_подкастов_8_историй.md	2020-01-25	00:46	2020-01-25T00:46:39+08:00	Послушала под бег серию подкастов «8 историй из 90х». Я вообще историю люблю, а тут ещё и в лицах. Лучший эпизод - это про электронную музыку, конечно. «Счас…
2020-03-18__53__началось_все_так_мужчина_уехал_москву_своим.md	2020-03-18	23:05	2020-03-18T23:05:17+08:00	Началось все так: мужчина уехал в Москву по своим делам, а я осталась дома одна (с няней и Ромчиком, если быть точнее), и все посыпалось. Короче, кризис я во…
2020-03-18__54__после_триумфального_исхода_самых_добрых_справедливых_кураторов.md	2020-03-18	23:05	2020-03-18T23:05:18+08:00	После триумфального исхода самых добрых и справедливых кураторов, смотревших на меня с ненавистью, мне не хотелось делать больше ничего для людей. Ни обучени…
2020-03-18__55__очу_оставлять_шлейф_любви_не_негатива.md	2020-03-18	23:05	2020-03-18T23:05:18+08:00	очу оставлять шлейф любви, а не негатива.  Мне хотелось быть выше этого. Но я себе врала. Я не выше этого.
2020-03-18__56__эфирчик_сохраню_навечно_манифест_моей_слабости_все.md	2020-03-18	23:06	2020-03-18T23:06:59+08:00	И эфирчик я тут сохраню навечно, как манифест моей слабости. Я все время строю из себя такие железные яйца, и только близкие знают, как я стекаю на пол. Но в…
2020-03-20__58__поговорили_дашей_хорошо_так_поговорили_жаль_не.md	2020-03-20	02:09	2020-03-20T02:09:48+08:00	Поговорили с Дашей. Хорошо так поговорили. Жаль, не было такого разговора 4 года назад.  Я понимаю, что мои формулировки про то, что «она пересаживала своих …
2020-03-20__59__этой_истории_много_всего_наверное_самая_интересная.md	2020-03-20	02:09	2020-03-20T02:09:48+08:00	В этой истории много всего, и это наверное самая интересная история любви, в которой во взрывной коктейль слилась любовь многих людей. Мы строили вавилонскую…
2020-05-31__60__радость_тихая_привязанность_глубокая_практически_вечная_когда.md	2020-05-31	06:31	2020-05-31T06:31:25+08:00	Моя радость - тихая, моя привязанность - глубокая, и практически вечная, когда люди попадают в мое сердце - у них там бессрочная прописка. Fell in friendship…
2020-06-01__61__многие_люди_думают_самое_главное_остальные_будут.md	2020-06-01	21:49	2020-06-01T21:49:48+08:00	Многие люди думают: «что во мне самое главное? За что остальные будут любить меня?»  Может быть, это профессиональные качества? Или может быть то, что я забо…
2020-06-17__63__mgk_всегда_нравился_может_вообще_не_нравиться.md	2020-06-17	20:49	2020-06-17T20:49:28+08:00	MGK мне всегда нравился, может он вообще не нравиться, а, девочки? Особенно, после сериала Roadies про техкрю рокгруппы. Про Меган Фокс я вообще ничего не зн…
2020-06-25__64__себе_наверное_давно_не_была_мало_отдаю.md	2020-06-25	05:09	2020-06-25T05:09:06+08:00	Очень в себе. Как, наверное, давно не была. Я мало отдаю вовне, но у меня много зарисовок новых песен, я постоянно их пою, когда остаюсь одна.  Я помню, как …
2020-06-25__65__приободрилась_боже_человек_глуп_когда_любит_чрезвычайно.md	2020-06-25	05:09	2020-06-25T05:09:06+08:00	«Я приободрилась. О, Боже мой, как человек глуп, когда он любит чрезвычайно. Это болезнь. От этого надлежало людей лечить в гошпиталях. Il faudroit des calma…
2020-06-25__66__так_можно_сразу_дисклеймер_телегу_литературный_ход.md	2020-06-25	05:34	2020-06-25T05:34:22+08:00	Так, можно сразу дисклеймер))) про телегу - это литературный ход 😆
2020-11-07__67__все_живёте_неправильно_кроме_францевич.md	2020-11-07	01:49	2020-11-07T01:49:50+08:00	Вы все живёте неправильно. Кроме Францевич 😆
2020-11-14__68__привет_котики_канал_скучает_тексты_скучают_начну.md	2020-11-14	22:26	2020-11-14T22:26:18+08:00	Привет, котики. Канал скучает, тексты скучают - начну выкладывать потихоньку то, что пишу. Если будет интересно - буду делиться еще. Книга (котору я не факт …
2020-11-14__69__однажды_папа_принес_книгу_крапивина_книга_была.md	2020-11-14	22:27	2020-11-14T22:27:55+08:00	Однажды папа принес мне книгу Крапивина. Книга была старая и толстая, мне стало страшно. Но потом, я помню, читала ее с лампой под одеялом, и никто не мог ме…
2020-11-14__70__когда_было_24_работала_психотерапевтом_был_папой.md	2020-11-14	22:27	2020-11-14T22:27:55+08:00	Когда мне было 24, я работала с психотерапевтом. Он был папой моего парня, его «кабинет» был оборудован на балконе хрущевки во Всеволожске, и я хотела, чтобы…
2020-11-15__71__первый_садик_был_хорошим_даже_был_бассейн.md	2020-11-15	02:21	2020-11-15T02:21:09+08:00	Первый садик был хорошим, там даже был бассейн во дврое, но почему-то маме он не нравился. Мы ездили туда на трамвае, и однажды я спросила маму Аню: «- А как…
2020-11-15__72__бойфренда_диму_был_сыном_сапожника_почему-то_было.md	2020-11-15	02:21	2020-11-15T02:21:10+08:00	бойфренда Диму, он был сыном сапожника (почему-то это было важным) и еще немножко цыганенком (это был плюс). Я мечтала выйти замуж за цыгана, чтобы у меня бы…
2020-11-15__73__окие_травы_лягушки_кузнечики.md	2020-11-15	02:21	2020-11-15T02:21:10+08:00	окие травы, лягушки, кузнечики.  Я помню луну над болотом, мы идем с папиным другом и с папой то ли в гараж, то ли из гаража. Он говорит: когда вокруг луны т…
2020-11-15__74__1_20_того_написала_перечитываю_понимаю_сначала.md	2020-11-15	02:33	2020-11-15T02:33:58+08:00	1/20 того, что я уже написала) перечитываю и понимаю, что сначала все так сумбурно, но потом я очень втянулась.
2020-11-15__75__круто_вам_нравится_пишете_завтра_выложу_пачку.md	2020-11-15	02:49	2020-11-15T02:49:30+08:00	Круто, что вам нравится и вы пишете! Завтра выложу ещё пачку)
2020-11-15__78__всем_доброго_воскресного_утра_классно_вам_нравится.md	2020-11-15	16:34	2020-11-15T16:34:23+08:00	Всем доброго воскресного утра. Классно, что вам нравится. Выкладываю следующую часть. Писала давно, но вчера в Екатеринбурге всё это ожило и задышало.
2020-11-15__79__3_мучают_видения_квартире_ботанике_приходит_великан.md	2020-11-15	16:34	2020-11-15T16:34:49+08:00	3. Еще меня мучают видения. В квартире на Ботанике ко мне приходит великан, он стоит за окном, и я понимаю, как он огромен, раз достает до форточки. Он стоит…
2020-11-15__80__самая_странная_глава_этой_истории_отношения_моей.md	2020-11-15	16:34	2020-11-15T16:34:50+08:00	Самая странная глава в этой истории - это отношения моей второй мамы и моего папы. Я думаю, он был в шоковом состоянии: умерла его любимая женщина, двое дете…
2020-11-16__81__добрый_вечер_кидаю_одну_часть_даже_не.md	2020-11-16	02:03	2020-11-16T02:03:10+08:00	Добрый вечер!) Кидаю еще одну часть. Даже не знаю, что делать с текстами выше - может быть удалять то, что уже прочитано - все равно новые читатели не такие …
2020-11-16__82__бабушка_валя_мама_моей_новой_мамы_была.md	2020-11-16	02:03	2020-11-16T02:03:21+08:00	Бабушка Валя (мама моей новой мамы) была интересной. Она разрешала мне ползать по сложным лазалкам, и вообще была на easy - в отличии от другой моей бабушки,…
2020-11-16__83__детьми.md	2020-11-16	02:03	2020-11-16T02:03:21+08:00	и детьми.  Мы снова жили на последнем этаже, прямо рядом с шахтой лифта. Первую ночь я не могла уснуть от громких механических звуков, через какое-то время я…
2020-11-16__84__опоздании_ничего_страшного_не_могла_успокоится_сейчас.md	2020-11-16	02:03	2020-11-16T02:03:22+08:00	опоздании ничего страшного, я не могла успокоится. Сейчас замечаю эти черты в своем старшем сыне - он тоже преувеличивает важность всего, что касается учебы.…
2020-11-16__86__спасибо_огромное_отзывы_вдохновляет_делиться_начала_писать.md	2020-11-16	16:27	2020-11-16T16:27:20+08:00	Спасибо огромное за отзывы! Это очень вдохновляет делиться. Я начала писать книгу о детстве, меня вдохновили сеансы терапии - я почему-то сформулировала, что…
2020-11-16__87__зато_друзья_дворе_все_лето_перед_школой.md	2020-11-16	17:02	2020-11-16T17:02:06+08:00	Зато у меня были друзья во дворе. Все лето перед школой я аккуратно притиралась к компании из моего подъезда и из соседнего. В моем жили три девочки: Таня с …
2020-11-16__88__должен_жить_конкретно_этот_ребенок_него_была.md	2020-11-16	17:02	2020-11-16T17:02:06+08:00	должен жить конкретно этот ребенок. У него была то ли астма, то ли брохит - какие-то хронические заболевания, которые обязательно должны были обостряться от …
2020-11-16__89__возможно_всем_было_лучше.md	2020-11-16	17:02	2020-11-16T17:02:06+08:00	возможно, всем было бы лучше.
2020-11-17__90__сейчас_вечерняя_порция_чтива.md	2020-11-17	01:38	2020-11-17T01:38:45+08:00	Сейчас будет вечерняя порция чтива)
2020-11-17__91__наша_жизнь_улице_фрунзе_была_стабильной_интересной.md	2020-11-17	01:38	2020-11-17T01:38:59+08:00	Наша жизнь на улице Фрунзе была стабильной и интересной. Квартира эта случилась с нами благодаря обмену комнаты Аллы на ЖБИ и нашей квартиры на Алмаатинском.…
2020-11-17__92__потом_случилось_страшное_одна_девочек_элитной_тусовки.md	2020-11-17	01:38	2020-11-17T01:38:59+08:00	Потом случилось страшное. Одна из девочек из элитной тусовки обратила на меня внимание, но в каком-то негативном ключе. Когда на меня не обращают внимание - …
2020-11-17__93__кружок_едущих_кипр_стал_самым_манящим_эти.md	2020-11-17	14:57	2020-11-17T14:57:03+08:00	Кружок «едущих на Кипр» стал самым манящим - эти и без того далекие обеспеченные девочки теперь после каждого урока собирались в кружок, и до меня то и дело …
2020-11-17__94__тот_раз_мама_алла_ее_мама_поехали.md	2020-11-17	14:57	2020-11-17T14:57:03+08:00	В тот раз мама Алла и ее мама поехали отдыхать вдвоем с тремя детьми и естественно, пришлось им нелегко. Я хорошо плавала и за мной в море не смотрели. Однаж…
2020-11-17__95__даже_сказала_злая_был_выбор_бежать_ним.md	2020-11-17	14:57	2020-11-17T14:57:03+08:00	я бы даже сказала злая. У меня был выбор - бежать к ним, вглубь поля, или бежать в сторону дома, одной. И я побежала к дому.
2020-11-17__96__та_самая_поездочка.md	2020-11-17	23:59	2020-11-17T23:59:34+08:00	Та самая поездочка :)
2020-11-18__97__дачу_всегда_ездила_моей_бабушке_маме_моей.md	2020-11-18	00:21	2020-11-18T00:21:48+08:00	На дачу я всегда ездила к «моей» бабушке, к маме моей мамы. Зовут ее Нина Николаевна, и мне кажется, больше всего я похожа на нее. Бабушка меня страшно любил…
2020-11-18__98__каталась_велосипеде_горы_огромными_камнями_приходила_домой.md	2020-11-18	00:21	2020-11-18T00:21:49+08:00	Я каталась на велосипеде с горы с огромными камнями, приходила домой с ободранными коленками, придумывала «мороженное» из жимолости и ревня. Сначала ревень н…
2020-11-18__100__1997_год_10.md	2020-11-18	13:58	2020-11-18T13:58:16+08:00	1997 год! Мне 10
2020-11-18__101__даче_любимой_курицей.md	2020-11-18	14:00	2020-11-18T14:00:24+08:00	На даче с любимой курицей
2020-11-18__102__каждый_день_собирала_подруг_спускаясь_девятого_этажа.md	2020-11-18	14:44	2020-11-18T14:44:18+08:00	Каждый день я собирала подруг, спускаясь с девятого этажа на первый, а потом мы вместе заходили за Антоном, или кричали его из окна. Я так любила запах стира…
2020-11-18__103__ю_чего-то.md	2020-11-18	14:44	2020-11-18T14:44:18+08:00	ю чего-то»  Мой двор спасал меня от школы, где я чувствовала себя лишней, бесполезной и серой. Были какие-то проблески радости, например, моя подруга Леся Ла…
2020-11-18__105__делать_все_хотелось_впечатлить_его_было_не.md	2020-11-18	14:44	2020-11-18T14:44:18+08:00	делать все это - мне хотелось впечатлить его, но это было не минутное желание, оно как будто стало частью меня, оно трансформировало меня на клеточном уровне…
2020-11-18__106__любишь_её.md	2020-11-18	14:44	2020-11-18T14:44:42+08:00	любишь ты её А обо мне не вспоминаешь»  Другая - это Оля Клюкина, конечно. У нас с Антоном даже была подвеска с двумя половинками сердца. Кажется, я психанул…
2020-11-18__107__оля_клюкина_антон_надя_щинова_гаражи_моей.md	2020-11-18	14:54	2020-11-18T14:54:34+08:00	Оля Клюкина, Антон, Надя Щинова, гаражи за моей спиной - мой любимый двор на Фрунзе 62
2020-11-18__108__думаю_легко_поймёте_кто_здесь_леся_лаврова.md	2020-11-18	14:55	2020-11-18T14:55:54+08:00	Думаю, легко поймёте, кто здесь Леся Лаврова
2020-11-20__109__написано_много_не_пока_больше_выкладывать_иногда.md	2020-11-20	04:25	2020-11-20T04:25:05+08:00	У меня написано еще много, но я не буду пока больше выкладывать. У меня иногда случается аллергия на овершеринг - такое бывает и с инстой, и с музыкой: до оп…
2020-11-20__110__фотка_прям_любимая_песню_написала_сегодня_том.md	2020-11-20	04:29	2020-11-20T04:29:03+08:00	Фотка прям любимая. Песню написала сегодня, и там есть о том «от Невы до Москвы, от Стикс и до самой Леты». Так я и чувствую себя здесь, как будто на белой л…
2020-11-20__111__доброе_утро_недавно_юля_рассказала_историю_своей.md	2020-11-20	14:03	2020-11-20T14:03:47+08:00	Доброе утро! Недавно Юля рассказала мне историю о своей бабушке - как ее сдали в дом престарелых, а потом забрали обратно. Я ехала за рулём и плакала - насто…
2020-11-21__113__всегда_отследила_сильную_тревожность_рассказав_что-то_связанное.md	2020-11-21	02:06	2020-11-21T02:06:29+08:00	Как всегда отследила сильную тревожность, рассказав что-то связанное с папой, что имеет хоть каплю негатива. С самого детсва амортизирую все это в себе, не ж…
2020-11-22__114__выложу_вам_следующую_часть_отошла_немного.md	2020-11-22	22:56	2020-11-22T22:56:59+08:00	Выложу вам следующую часть 🙂 Отошла немного
2020-11-22__115__антон_многое_открывал_кажется_рассказал_плите_собираются.md	2020-11-22	22:57	2020-11-22T22:57:06+08:00	Антон многое мне открывал. Кажется, это он рассказал мне, что на «Плите» собираются неформалы - и что-то в этом меня очень задело. Мне так захотелось стать ч…
2020-11-22__116__так_закончилось_мое_первое_самостоятельное_приключение_вернулась.md	2020-11-22	22:57	2020-11-22T22:57:07+08:00	Так закончилось мое первое самостоятельное приключение. Я вернулась к своим друзьям во дворе уже совсем другим человеком, мне казалось, что я вырвалась из пр…
2020-11-22__117__равилось.md	2020-11-22	22:57	2020-11-22T22:57:07+08:00	равилось.  Благодаря постоянной практике английского во время летних каникул на первом уроке во втором классе я отвечала лучше всех, возможно, в первый раз в…
2020-11-23__118__кто_подглядел_дневнике_жалею_том_выложила_книгу.md	2020-11-23	04:34	2020-11-23T04:34:28+08:00	Кто подглядел у меня в дневнике «жалею о том что выложила книгу» задал мне вопрос: «почему?». Потому что воспринимают не как художественное произведение, а к…
2020-11-30__119__год_назад_случилось_предсказание_астролога_все_моей.md	2020-11-30	20:23	2020-11-30T20:23:41+08:00	Год назад случилось предсказание астролога, что все в моей жизни будет плохо, что я расстанусь с мужчиной, потеряю работу но при этом ещё раз рожу 😆
2021-01-28__123__летом_выглядела_хорошо_зимой_одежда_рынка_сильно.md	2021-01-28	23:30	2021-01-28T23:30:19+08:00	Летом я выглядела хорошо, а вот зимой одежда с рынка сильно бросалась в глаза на контрасте с магазинными пуховиками, дубленками и шубами. У меня была ненавис…
2021-02-28__124__создалось_ощущение_жизни_каждой_реально_красивой_девчонки.md	2021-02-28	20:30	2021-02-28T20:30:21+08:00	У меня создалось ощущение, что в жизни каждой РЕАЛЬНО красивой девчонки возникает такой момент, когда она делает серьезное лицо, характерно так поднимает рук…
2021-02-28__125__факту_наши_парочки_друзья_любым_доходом_даже.md	2021-02-28	20:30	2021-02-28T20:30:21+08:00	По факту наши парочки - друзья с любым доходом (даже та, у которой богатый муж, и уж тем более те, у кого на семью с детьми меньше 100к в месяц) объеденины п…
2021-02-28__126__нашли_пацана_вашей_маме_зять_не_нужен.md	2021-02-28	21:21	2021-02-28T21:21:47+08:00	Нашли пацана «вашей маме зять не нужен?» 😆 https://www.instagram.com/tascareaga/
2021-04-21__129__часто_завтракаю_ав-бистро_смоленской_сегодня_сидела_откуда-то.md	2021-04-21	20:15	2021-04-21T20:15:52+08:00	Я часто завтракаю в АВ-бистро на Смоленской. Сегодня сидела там, и откуда-то заиграла музыка из девяностых. Что-то такое, от чего детские воспоминания всколы…
2021-05-02__130__бедными_богатый_дяденька_дал_нам_микроавтобус_поехали.md	2021-05-02	03:49	2021-05-02T03:49:49+08:00	Мы были очень бедными, но богатый дяденька дал нам микроавтобус, чтобы мы поехали в тур по Европе. Тогда я нашла сайт «Couchsurfing», каким то чудом мы умудр…
2021-05-02__131__женя_волкова_рассказала_этот_горный_поселок_сейчас.md	2021-05-02	03:49	2021-05-02T03:49:50+08:00	Женя Волкова рассказала мне про этот горный поселок, я сейчас пишу эти строчки у нее в доме - так удивительно, что и на этой стороне кто-то может позвать теб…
2021-10-02__132__забытый_жанр_письма_считается_был_убит_мгновенными.md	2021-10-02	02:19	2021-10-02T02:19:52+08:00	Забытый жанр письма. Считается, что был убит мгновенными сообщениями, но хуй там. Чтобы написать письмо, надо попасть в особенное пространство без времени, к…
2021-10-02__133__могла_так_мной_говорить_так_будто_не.md	2021-10-02	02:19	2021-10-02T02:19:52+08:00	Она могла так со мной говорить, так быть - как будто я не живу на земле, а живу только там, оттуда приходят тексты и образы. Она обращалась к моему бессознат…
2021-10-02__134__залезла_архивы_была_вознаграждена_нашла_первую_демку.md	2021-10-02	02:37	2021-10-02T02:37:39+08:00	Залезла в архивы, и была вознаграждена - нашла первую демку sattamassagana, которую ей отправила первой. Ну и письмо/ 01.07.2010  Люди не умеют писать. Или и…
2021-10-03__135__кажется_вам_никогда_стихи_момента_не_читала.md	2021-10-03	22:12	2021-10-03T22:12:40+08:00	Мне кажется я вам ещё никогда стихи из момента не читала.
2021-10-04__138__волне_памяти_после_встречи_мишей_маугли_написала.md	2021-10-04	23:45	2021-10-04T23:45:48+08:00	На волне памяти после встречи с Мишей Маугли написала самое подробное и откровенное письмо про песню за последнее время, чет меня так классно распирает творч…
2021-10-04__139__потому_монетизирую_сучка.md	2021-10-04	23:46	2021-10-04T23:46:32+08:00	Потому что монетизирую как сучка 😎
2021-10-05__140__однажды_взяла_ручку_тетрадь_помочь_себе_прожить.md	2021-10-05	23:02	2021-10-05T23:02:55+08:00	Однажды я взяла ручку и тетрадь, чтобы помочь себе прожить чувство - и это сработало. Я уже писала об этом где-то в воспоминаниях о детстве.  Все чувства взр…
2021-10-05__141__когда_концертах_танцую_под_медею_особый_момент.md	2021-10-05	23:11	2021-10-05T23:11:28+08:00	Когда я на концертах танцую под Медею - для меня это особый момент. Эта песня о моих внутренних процессах, такой личный манифест. "Дай мне сил, пропустив скв…
2021-10-05__142__https_www_youtube_com_watch_v_h6h7g54ke5g.md	2021-10-05	23:13	2021-10-05T23:13:47+08:00	https://www.youtube.com/watch?v=h6h7G54Ke5g&list=PLHrScVmFln8J1u_-bNrwUZlmlTcLh2Cq3&index=10&t=100s вживую конечно еще сильнее
2021-10-05__143__поэтому_когда_решаю_писать_музыке_или_любви.md	2021-10-05	23:20	2021-10-05T23:20:03+08:00	Поэтому когда я решаю писать о музыке или о любви я никогда не знаю, на какой уровень мне нырнуть, чтобы оттуда рассказать о том или ином выражении этого. Ин…
2021-10-09__144__друзья_сегодня_написали_разводятся_помню_больно_тяжело.md	2021-10-09	04:09	2021-10-09T04:09:08+08:00	Мои друзья сегодня написали, что разводятся. Я помню, как это больно и тяжело. Сходила, нашла свой текст, перечитала. Пусть и здесь полежит.  —————  Нотариус…
2021-10-09__145__надо_уметь_любить_надо_уметь_прощаться_две.md	2021-10-09	04:12	2021-10-09T04:12:10+08:00	Надо уметь любить. Надо уметь прощаться. Это две части одного процесса. Рано или поздно мы все друг друга потеряем - при жизни или за ее границей, время не в…
2021-10-22__146__доброе_утро_догонку_зависимому_четвергу_делюсь_кусочком.md	2021-10-22	12:56	2021-10-22T12:56:57+08:00	Доброе утро! В догонку к «зависимому четвергу» делюсь кусочком одного из старых текстов на эту тему.
2021-10-22__147__отличает_зависимых_людей_независимых_торчках_употребление_чего-то.md	2021-10-22	12:57	2021-10-22T12:57:01+08:00	… Это и отличает зависимых людей от независимых - в торчках употребление чего-то изменяющего сознание - это всего лишь следствие прописанной программы.  Оста…
2021-10-22__148__шагах_использовала_свою_зависимость_ключ_расшифровке_собственной.md	2021-10-22	12:57	2021-10-22T12:57:01+08:00	В шагах я использовала свою зависимость как ключ к расшифровке собственной личности. Это помогло постепенно включить весь механизм, и он стал работать в друг…
2021-10-25__149__видела_летит_пеликан_такое_темное_низкое_небо.md	2021-10-25	19:19	2021-10-25T19:19:54+08:00	Я видела, как летит пеликан. И такое темное низкое небо над океаном. И белые облака на контрасте. Мое тело хотело двигаться как тогда, в Индии, когда у меня …
2021-10-25__150__сложно_анализировать_свое_прошлое_находясь_других_состояниях.md	2021-10-25	19:44	2021-10-25T19:44:45+08:00	Ну и вот еще. Сложно анализировать свое прошлое, находясь в других состояниях. А вот стоит попасть в такое же состояние, и прошлое раскрывается так, как ты н…
2022-01-19__151__выложила_студийную_диктофонную_запись_нового_трека_не.md	2022-01-19	18:41	2022-01-19T18:41:06+08:00	Выложила студийную диктофонную запись нового трека, еще не окончательную версию. И в процессе попала в состояние, когда захотелось о треке рассказать - редко…
2022-06-08__153__было_восприятие_времени_этом_будто_скрывается_тот.md	2022-06-08	04:38	2022-06-08T04:38:50+08:00	Там еще было про восприятие времени. В этом как будто скрывается тот самый портал. Я услышала, как кто-то говорит: да, этот портал существует.  В «Голодных п…
2022-06-25__155__посмотрела_анимешку_красавица_дракон_дальше_будут_спойлеры.md	2022-06-25	13:53	2022-06-25T13:53:43+08:00	Я тут посмотрела анимешку «Красавица и Дракон», дальше будут спойлеры, но мне прям очень хотелось поделиться своим ощущением. Если хотите посмотреть сами - п…
2022-06-25__156__сети_благодаря_их_травмам_интернет_даёт_нам.md	2022-06-25	13:53	2022-06-25T13:53:43+08:00	сети, благодаря их травмам.  Интернет даёт нам возможность раскрыть свою глубину и исцелится через принятие другими и чувство идентификации.  В конце мне был…
2022-07-23__157__https_youtu_be_fs-wk8mzc9g.md	2022-07-23	22:08	2022-07-23T22:08:28+08:00	https://youtu.be/fS-wk8mZc9g  В целом надо бы сюда все свои подкасты кидать. Но этот хочется зашарить вам сразу. Я чет так кайфанула от себя в этом подкасте …
2022-08-06__158__обещанный_посте_https_www_instagram_com_p.md	2022-08-06	14:51	2022-08-06T14:51:12+08:00	Обещанный в посте (https://www.instagram.com/p/Cg6FhyeIV4O/?igshid=MDJmNzVkMjY= ) в инсте кусочек подкаста о смене идентичности в образе жизни + исследование…
2022-08-19__163__воздух_навстречу_обдувает_горячим_феном_байка_отвалилось.md	2022-08-19	13:34	2022-08-19T13:34:14+08:00	Воздух навстречу обдувает горячим феном. У байка отвалилось зеркало, когда на него упала крыша, еще отвалился какой-то кусок сзади и теперь на каждой кочке о…
2022-09-10__164__две_реальности_сливаются_одну_сижу_спонтанном_бизнесе.md	2022-09-10	20:06	2022-09-10T20:06:24+08:00	Две реальности сливаются в одну. Там я сижу в спонтанном бизнесе LA - Москва, который ты взял мне за 10 часов до вылета, когда я еще была Сан Фран. Это как в…
2022-09-13__165__припадочность_удивляет.md	2022-09-13	05:48	2022-09-13T05:48:33+08:00	Припадочность меня моя удивляет.  Не могу уснуть из-за стола. Такая нелепость, что я решила покопать в себя.  Увидела у Веры в аккаунте, что она начала рекла…
2022-09-14__166__сутки_спустя_после_всех_ваших_комментариев_пишу.md	2022-09-14	05:27	2022-09-14T05:27:32+08:00	Сутки спустя и после всех ваших комментариев пишу чтобы поделиться выводами. Реально, много углов вы мне подсветили, и это было полезно.   1. Про зависимость…
2022-09-14__167__глобально_благодарна_всей_этой_истории_стол_получился.md	2022-09-14	05:27	2022-09-14T05:27:32+08:00	Глобально я очень благодарна всей этой истории, стол получился реально тантрическим, мощное переживание, ревность, уязвлённое эго, обида, желание изолировать…
2022-09-21__168__https_sektaschool_ru_online_bonus_ysclid_l8bcspkr93662889373.md	2022-09-21	19:28	2022-09-21T19:28:39+08:00	https://sektaschool.ru/online/bonus?ysclid=l8bcspkr93662889373  Ссылка на наш с Димой курс «Контакт с телом». Мы его снимали в марте, параллельно с тем, что …
2022-12-09__169__вчера_кое-что_поняла_всех_людей_которых_встречаю.md	2022-12-09	21:32	2022-12-09T21:32:46+08:00	Вчера я кое-что поняла. Всех людей, которых я встречаю, можно разделить на две категории. Одни видят мою силу, другие - мою уязвимость. Это не значит, что он…
2022-12-09__170__дурге_возвращалась_сцены_гримерку_падала_эту_пучину.md	2022-12-09	21:32	2022-12-09T21:32:46+08:00	Дурге возвращалась со сцены в гримерку и падала в эту пучину боли, у которой не было предела. Когда казалось, что физическое тело на грани смерти, она писала…
2022-12-21__172__ней_всегда_особенно_последние_месяцы_была_какая-то.md	2022-12-21	19:42	2022-12-21T19:42:14+08:00	В ней всегда, а особенно последние месяцы была какая-то потусторонность. Кто-то в сообщениях написал мне об этом, и я подумала - может я не одна это видела. …
2022-12-21__173__ее_ждала_снятая_пол_года_квартира_действительно.md	2022-12-21	19:42	2022-12-21T19:42:15+08:00	Там ее ждала снятая на пол года квартира, и она действительно жила эти месяцы так, как хотела.  Даже, кажется, успела влюбиться.  До конца октября Таня ездил…
2022-12-27__174__многие_попросили_раскрыть_мысль_написала_приняла_танин.md	2022-12-27	16:11	2022-12-27T16:11:38+08:00	Многие попросили меня раскрыть мысль. Я написала, что я приняла Танин выбор. И тут нужно пояснение. Не выбор, как выбор человека умереть, а выбор души - когд…
2023-02-06__175__сложно_не_думать_танюше_все_время_перебирать.md	2023-02-06	18:58	2023-02-06T18:58:34+08:00	Сложно не думать о Танюше все время. Перебирать все в памяти, что связано с ней. Теперь, когда знаешь, что воспоминаний было конечное количество - каждое под…
2023-02-06__176__будто_так_улетела_вверх_через_эту_крышу.md	2023-02-06	18:58	2023-02-06T18:58:34+08:00	- Как будто так она и улетела, вверх, через эту крышу.  Пропускать через себя эту боль, как разряды тока, чтобы чувствовать жизнь человека, подарившего тебе …
2023-03-02__177__сегодня_финализировали_концепт_буткэмпа_чет_захотелось_некоторые.md	2023-03-02	01:01	2023-03-02T01:01:06+08:00	Сегодня финализировали концепт буткэмпа, и чет захотелось некоторые мысли тут оставить.  Я считаю, что нырять с головой в жесткий тренинг - не самая лучшая и…
2023-03-02__178__хочется_такого_всех_получалось_достичь_такого_состояния.md	2023-03-02	03:33	2023-03-02T03:33:06+08:00	Вот очень хочется такого, и чтобы у всех получалось достичь такого состояния. Понятно, что нет серебряной пули, но мне нравится ее бесконечно искать.
2023-03-06__180__нашла_черновик_школьного_сочинения_8_класс_кажется.md	2023-03-06	16:19	2023-03-06T16:19:06+08:00	Нашла черновик школьного сочинения 😅 8 класс, кажется
2023-03-27__182__нажми_найти_песню.md	2023-03-27	06:59	2023-03-27T06:59:42+08:00	🎧 Нажми чтобы найти песню
2023-03-28__183__провела_ретрит_мадейре_который_готовили_планировали_вести.md	2023-03-28	06:14	2023-03-28T06:14:51+08:00	Я провела ретрит на Мадейре, который мы готовили и планировали вести с Димой, а в итоге - вела я одна.  Сказать что я охуела, это не сказать ничего.  Я вспом…
2023-03-28__184__часто_сталкиваюсь_тем_все_кроме_обесценивают_значимость.md	2023-03-28	06:14	2023-03-28T06:14:51+08:00	И я часто сталкиваюсь с тем, что все кроме меня обесценивают значимость этого контакта и момента, а я как будто вижу его одна, и почему-то мне от этого больн…
2023-03-30__186__дорогие.md	2023-03-30	22:51	2023-03-30T22:51:53+08:00	Ну что, дорогие!  Готовимся ЖЕЕЕЕЕЧЬЬЬЬ!  🔺 Билеты Москва 25.05  🔺 Билеты Питер 28.05  🔺 Билеты Сочи 1.06  🔺 Билеты Ереван 3.06  Аее, до встречи!!!
2023-03-30__187__соскучилась.md	2023-03-30	22:52	2023-03-30T22:52:05+08:00	Я соскучилась.
2023-04-06__188__поздравляю_написанием_этой_песни_интересно_знать_автор.md	2023-04-06	02:46	2023-04-06T02:46:23+08:00	Поздравляю с написанием этой песни! Очень интересно знать, что вы автор этого произведения. Исходя из предоставленных вами разъяснений и моих предыдущих анал…
2023-04-06__198__нажми_найти_песню.md	2023-04-06	02:46	2023-04-06T02:46:41+08:00	🎧 Нажми чтобы найти песню
2023-04-07__199__лера_разрешила_поделиться_ее_текстом_кинула_его.md	2023-04-07	17:26	2023-04-07T17:26:33+08:00	Лера разрешила поделиться ее текстом - она кинула его в трайб Emotional Granularity, но мне кажется важным поделиться этим с вами. Почему? Потому что у многи…
2023-04-07__200__хорошее_место_припарковать_рассказ_злости.md	2023-04-07	17:26	2023-04-07T17:26:34+08:00	О. Хорошее место, чтобы припарковать мой рассказ о злости.  Сколько я не приглядывалась, гнева в моей жизни не было. На группе гранулярности 1.5 года назад я…
2023-04-09__201__была_сегодня_концерте_касты_было_великолепно_так.md	2023-04-09	02:58	2023-04-09T02:58:49+08:00	Была сегодня на концерте Касты, и это было великолепно. Я так люблю парней, и особенно - Влади и его тексты. Мое сознание куда-то постоянно прячет тот факт, …
2023-04-09__202__нажми_найти_песню.md	2023-04-09	02:58	2023-04-09T02:58:50+08:00	🎧 Нажми чтобы найти песню
2023-04-16__204__первая_совместная_коллекция_gri_школы_онлайн-фитнеса_sekta.md	2023-04-16	00:02	2023-04-16T00:02:24+08:00	Первая совместная коллекция GRI и школы онлайн-фитнеса #sekta 💜  Одежда для фитнеса и бега, которую хочется носить в повседневной жизни. Разработано вместе с…
2023-04-16__205__короче_коллабой_этой_не_все_продадим_всю.md	2023-04-16	00:02	2023-04-16T00:02:43+08:00	Короче, с коллабой этой не все просто. Если мы продадим всю партию, самый горячий CFO и co-founder GRI обещал поехать с нами на тантру 😄 так что когда покупа…
2023-04-17__206__открывать_новое_всегда_волнительно_чем_серьезнее_шаг.md	2023-04-17	15:40	2023-04-17T15:40:06+08:00	💜Открывать новое всегда волнительно. Чем серьезнее шаг, тем больше за ним стоит. За этим запуском — годы личного спортивного опыта, бесконечная вера друг в д…
2023-04-17__207__поехали_самые_удобные_велосипедки_моей_жизни_теперь.md	2023-04-17	15:40	2023-04-17T15:40:46+08:00	Ну что, поехали) самые удобные велосипедки в моей жизни - теперь можете потестировать и вы! ⏫️⏫️⏫️
2023-04-30__209__первое_скрин_первой_статье_второй_часть_эссе.md	2023-04-30	21:24	2023-04-30T21:24:34+08:00	Первое - скрин о первой статье, второй - часть эссе, ссылка на которое в конце поста
2023-04-30__210__сегодня_утром_вынесло_статью_newyorker_потом_нашла.md	2023-04-30	21:24	2023-04-30T21:24:38+08:00	Сегодня утром на меня вынесло статью в NewYorker, потом я нашла в твиттере эту женщину профессора и у нее нашла еще одну интересную ссылку на эссе одной из а…
2023-05-09__211__i_want_you_become_my_coach_in.md	2023-05-09	15:57	2023-05-09T15:57:13+08:00	I want you become my coach in the transformational model of coaching. I would also call it Granular coaching.  Transformational Models  / granular coaching  …
2023-05-09__212__выше_промт_коуча_chat_gpt_который_не.md	2023-05-09	15:59	2023-05-09T15:59:14+08:00	Выше Промт коуча для Chat.GPT, который не только задаёт расширяющий вопрос, но и даёт рекомендацию. Одни вопросы часто бесят, и рекомендации часто не в тему.…
2023-05-10__213__мирон_первый_класс.md	2023-05-10	15:39	2023-05-10T15:39:28+08:00	Мирон и первый класс. ⠀ Я думала подождать год, и отдать Мирона в первый класс в 8 лет. Я наблюдала за его подготовительными занятиями к школе, такими же, ка…
2023-05-10__214__первый_класс_был_не_кризисов_сначала_аллергия.md	2023-05-10	15:39	2023-05-10T15:39:33+08:00	Первый класс был не без кризисов.  Сначала - аллергия на школьный автобус. Мирона тошнило и он говорил: «Ненавижу автобус! Так долго и укачивает! Водитель во…
2023-07-09__215__нас_димой_вышел_подкаст_ревность_ревную_сколько.md	2023-07-09	19:31	2023-07-09T19:31:08+08:00	У нас с Димой вышел подкаст про ревность. Я ревную, сколько себя помню - любимых, друзей, места, занятия, и это оч болезненная и стыдная история. Год назад я…
2023-07-09__216__поделюсь_здесь_сообщением_лизы_которое_написала_сообществе.md	2023-07-09	19:33	2023-07-09T19:33:47+08:00	Поделюсь здесь сообщением Лизы, которое она написала в сообществе Emotional Granularity, вторым общением она переписала мантру из подкаста, которая родилась …
2023-07-09__217__божественный_подкаст_который_не_только_ревность_оля.md	2023-07-09	19:33	2023-07-09T19:33:47+08:00	Божественный подкаст, который не только про ревность. Оля и Дима, спасибо за него и за уязвимость! Мне запомнилось как Оля рассказывает про гомункула ревност…
2023-07-09__218__даже_предполагая_наши_отношения_закончатся_будешь_любить.md	2023-07-09	19:33	2023-07-09T19:33:47+08:00	"Даже предполагая, что наши отношения закончатся и ты будешь любить других людей, будешь любить кого-то еще, я хочу сейчас, в это мгновение, в этот период жи…
2023-07-28__226__один_вид_творчества_этот_раз_наташей_работали.md	2023-07-28	23:13	2023-07-28T23:13:33+08:00	Еще один вид творчества, на этот раз с Наташей работали над домом Вадимчика. Благодарю за проект и реализацию, хочу оставить на память этот момент воплощенно…
2023-11-08__228__горжусь_этим_проектом.md	2023-11-08	22:55	2023-11-08T22:55:43+08:00	Горжусь этим проектом!
2023-11-08__229__5_тренировок_женщин_после_мастэктомии.md	2023-11-08	22:55	2023-11-08T22:55:44+08:00	🎀 5 тренировок для женщин после мастэктомии  После операции при раке молочной железы необходимо восстановление.  Последствия мастэктомии Помимо побочных реак…
2023-12-28__230__жизнь_наших_детей_похожа_компиляцию_любимых_ранних.md	2023-12-28	23:33	2023-12-28T23:33:38+08:00	Жизнь наших детей похожа на компиляцию любимых ранних шоу и клипов MTV. Для кого это все - для меня или для них?  Это был наверное год 2007, Макарова взяла м…
2024-01-04__231__интересная_штука_произошла_нас_димой_периодически_ведём.md	2024-01-04	23:11	2024-01-04T23:11:59+08:00	Интересная штука произошла у нас тут. Мы с Димой периодически ведём практики, которые прежде всего дизайним для себя. Роль ведущего минимальна, люди отвечают…
2024-01-04__232__интересного_вика_кантри_подарила_нам_карточки_семейных.md	2024-01-04	23:11	2024-01-04T23:11:59+08:00	Еще из интересного - Вика Кантри подарила нам карточки для семейных разговоров, и дети тоже получали удовольствие, отвечая на вопросы из карточек - «в чем мы…
2024-01-06__233__ваша_любимая_рубрика.md	2024-01-06	12:49	2024-01-06T12:49:50+08:00	Ваша любимая рубрика.  Вообще мне тошно от этих клипов, от фотографий и от себя, когда я этим занимаюсь. Но с другой стороны, я понимаю, что они в целом хоро…
2024-01-06__234__виталик_который_снимал_фильм_alice_своем_тг.md	2024-01-06	12:49	2024-01-06T12:49:51+08:00	⏏️ Виталик, который снимал фильм Alice , в своем тг канале пишет о себе, как Лимонов писал о себе в книге «Я - Эдичка». Мой любимый стиль и слог, и лирически…
2024-01-31__236__переслушивала_последний_ушедших_берегу_океана_пока_ждала.md	2024-01-31	21:55	2024-01-31T21:55:56+08:00	Я переслушивала «Последний из ушедших» на берегу океана, пока ждала человека, благодаря которому появились эти песни.  Прошло уже больше двух лет с этих перв…
2024-02-21__237__сэр_последняя_часть_моей_эм_биографии_вк.md	2024-02-21	01:35	2024-02-21T01:35:51+08:00	Сэр, последняя часть моей эм биографии в ВК https://vk.com/xmirow?w=wall-156554689_5413  Там про Алаи Оли, и еще я вывод написал:  "И вот я здесь, в феврале …
2024-02-21__244__филя_хмыров_написал_наше_знакомство_совместный_альбом.md	2024-02-21	01:45	2024-02-21T01:45:30+08:00	Филя Хмыров ♥️ написал про наше знакомство, совместный альбом. Я хочу добавить пару слов про наши концерты. Первые разы на сцене с ним - я вообще не понимала…
2024-04-11__245__тех_кто_не_попал_эти_концерты_кусочек.md	2024-04-11	00:13	2024-04-11T00:13:42+08:00	Для тех, кто не попал на эти концерты ❤️‍🩹кусочек чека в Union (ББН-Грязь Cover)
2024-04-11__246__muse.md	2024-04-11	00:14	2024-04-11T00:14:16+08:00	Muse ☝️❤️‍🔥
2024-05-22__247__https_youtu_be_5x5wudjyxgm_si_uj4gx48_ga-oe2.md	2024-05-22	18:07	2024-05-22T18:07:25+08:00	https://youtu.be/5X5WUdjYXGM?si=UJ4gX48-_-Ga-Oe2 у нас тут клип вышел) охуенный я считаю.
2024-05-23__248__мини_заметки_ретрит_куприяновым_кипре_того_не.md	2024-05-23	19:49	2024-05-23T19:49:13+08:00	Мои мини заметки про ретрит с Куприяновым на Кипре. Из того, что не сказала.  Важность не быть реактивным. То есть когда твоего партнера/родителей/коллег зан…
2024-08-05__250__только_концерте_опять_усмехалась_себя_этой_строчке.md	2024-08-05	02:51	2024-08-05T02:51:09+08:00	Только на концерте опять усмехалась про себя этой строчке про спички. «и она достает одну из спичек из коробка, который подарил ей не-важно-кто, поджигает ее…
2024-10-13__251__breathwork_похож_сны_которых_летаешь_сначала_надо.md	2024-10-13	19:53	2024-10-13T19:53:43+08:00	breathwork похож на сны, в которых ты летаешь. Сначала надо махать руками долго долго, и ты начинаешь отрываться от земли, сначала на метр, а потом прыжки ст…
2024-11-05__252__любые_записки_отсюда_попытка_написать_себе_письмо.md	2024-11-05	07:46	2024-11-05T07:46:10+08:00	Любые записки отсюда - как попытка написать себе письмо из трипа. Как у Пелевина, где самая великая мысль человечества по итогу звучала так: «Во всей вселенн…
2024-11-10__253__смотрю_свои_руки_сначала_тыльные_стороны_потом.md	2024-11-10	06:49	2024-11-10T06:49:46+08:00	Я смотрю на свои руки. Сначала на тыльные стороны, потом на ладони. Отношу их ближе и дальше. Потом снимаю кольцо с пальца, тянусь вперед, я сижу на коленях …
2024-12-05__254__ровно_месяц_сегодня_тех_пор_попала_ту.md	2024-12-05	21:18	2024-12-05T21:18:49+08:00	Ровно месяц сегодня с тех пор, как я попала в ту самую практику, которая до сих пор длится и происходит со мной. Я сама подошла к нему - как наверное подошла…
2025-01-10__255__первые_4_часа_полета_прочитала_300_страниц.md	2025-01-10	20:06	2025-01-10T20:06:57+08:00	За первые 4 часа полета я прочитала 300 страниц книги Ялома «палач любви». Он всегда меня погружает в мысли о моей терапии. Базой своей терапии я считаю рабо…
2025-01-10__256__часто_удивлялась_вообще_ей_удается_почему_сама.md	2025-01-10	20:06	2025-01-10T20:06:57+08:00	Я часто удивлялась, как вообще ей это удается? Почему я сама не могла к этому придти? Например в начальном запросе исследованием моих внутренних убеждений он…
2025-01-10__257__этом_часто_говорит_куприянов_том_огромное_преступление.md	2025-01-10	20:06	2025-01-10T20:06:57+08:00	Об этом часто говорит Куприянов, о том, что это огромное преступление не жить СВОЮ жизнь и то, как именно ты ее чувствуешь. И вот мне кажется главный результ…
2025-05-15__258__иногда_люблю_перечитывать_дурге_целая_книга_которую.md	2025-05-15	13:18	2025-05-15T13:18:07+08:00	Как же я иногда люблю перечитывать «Дурге» - целая книга, которую я написала и не опубликовала - но пара десятков моих близких друзей её читали.  Сейчас я пи…
2025-09-03__259__отношения_расстоянии_интересная_штука.md	2025-09-03	23:45	2025-09-03T23:45:36+08:00	отношения на расстоянии это очень интересная штука Ты живешь постоянно в каком-то фокусе и ожидании встречи, и у тебя есть какая-то подпитка любви, но в то ж…
2025-09-03__260__повторюсь_этот_год_был_вау_все_происходило.md	2025-09-03	23:45	2025-09-03T23:45:36+08:00	Но повторюсь: этот год был просто ВАУ.  Все, что происходило - это как прожить несколько отдельных жизней. Ни о чем не жалею.
